,RMSE,MAE,R2,Adjusted R2
Random Forest,0.26391899234722394,0.22192582045485734,0.0012577613864009907,-0.0010509354203804833
SVR,0.2640105866598909,0.22199653009985268,0.000564404821278397,-0.0017458947514878975
GradientBoosting,0.2641370320184471,0.22215038252886343,-0.00039316477163797714,-0.002705677866348122
AdaboostRegressor,0.26421346759936076,0.2221257603929469,-0.0009722331125094907,-0.003286084784059451
