,RMSE,MAE,R2,Adjusted R2
Random Forest,0.26401128642770405,0.22192087888064022,0.000559106747466509,-0.012044771868983117
SVR,0.26437585109046585,0.2221362746730822,-0.0022029903142768426,-0.01484170154196729
GradientBoosting,0.2640538299453707,0.22201365871788137,0.00023697538900468995,-0.01237096560328732
AdaboostRegressor,0.2641537388705043,0.22205411918881596,-0.0005197199088928794,-0.013137203532218367
