,RMSE,MAE,R2
Linear Regression,0.2643057233369984,0.22220849393489303,-0.0016713765342517561
Decision Tree,0.36102868169394525,0.29495342378537404,-0.8689407768525466
Random Forest,0.302746178489978,0.24998400787846828,-0.3142242249984044
SVR,0.26862881124997456,0.22492604053108978,-0.03470681380423635
GradientBoosting,0.26595495815396736,0.22321728598647095,-0.014210987092035055
