,RMSE,MAE,R2
Random Forest,0.28303101849547935,0.23541950604660183,-0.1486301109401329
SVR,0.27630181564374856,0.23016278225050016,-0.09466090067380706
GradientBoosting,0.26496881461998956,0.2225818752050666,-0.006703675669461173
AdaboostRegressor,0.26415277488885,0.22231829249974017,-0.0005124174879691523
