,avg_r2,avg_mae,avg_rmse
Random Forest,-0.14394476316961252,0.235839398326051,0.28297925143321573
SVR,-0.10218991712052254,0.23194901809853827,0.2777694639273182
GradientBoosting,-0.012068271847208444,0.2237712036230505,0.2661669446557808
AdaboostRegressor,-0.0022669519177707987,0.22282300000932742,0.26487709524961117
