,avg_r2,avg_mae,avg_rmse
Linear Regression,-0.0009507996259310536,0.22260400818915213,0.26470279287379395
Decision Tree,-0.8912243492954408,0.2959810646703291,0.3637970991362352
Random Forest,-0.29063453092831065,0.24757479218855427,0.3005655014778193
SVR,-0.04136216515702511,0.22630999075822888,0.2699939291153898
GradientBoosting,-0.01098934464706769,0.2237311934392691,0.2660276012391761
